neural_subject,behavior_subject,roi,metric,spearman_r,same_subject
sub-001,sub-001,LH_IFGorb,correlation,0.11698382277085163,True
sub-001,sub-001,LH_IFGorb,euclidean,0.04322347942171827,True
sub-001,sub-001,LH_IFGorb,cosine,0.11698382277085163,True
sub-001,sub-001,LH_IFG,correlation,-0.0457624038244031,True
sub-001,sub-001,LH_IFG,euclidean,0.01042763331374116,True
sub-001,sub-001,LH_IFG,cosine,-0.0457624038244031,True
sub-001,sub-001,LH_MFG,correlation,-0.06466236410369768,True
sub-001,sub-001,LH_MFG,euclidean,-0.06250060394103328,True
sub-001,sub-001,LH_MFG,cosine,-0.06466236410369768,True
sub-001,sub-001,LH_AntTemp,correlation,-0.019304289494904044,True
sub-001,sub-001,LH_AntTemp,euclidean,-0.02470468664200459,True
sub-001,sub-001,LH_AntTemp,cosine,-0.019304289494904044,True
sub-001,sub-001,LH_PostTemp,correlation,0.03297656468242207,True
sub-001,sub-001,LH_PostTemp,euclidean,0.06939221527441622,True
sub-001,sub-001,LH_PostTemp,cosine,0.03297656468242207,True
sub-001,sub-001,RH_IFGorb,correlation,0.04272879091888633,True
sub-001,sub-001,RH_IFGorb,euclidean,0.02109317462421999,True
sub-001,sub-001,RH_IFGorb,cosine,0.04272879091888633,True
sub-001,sub-001,RH_IFG,correlation,0.0544177369412932,True
sub-001,sub-001,RH_IFG,euclidean,0.033131262069723846,True
sub-001,sub-001,RH_IFG,cosine,0.05433910148564072,True
sub-001,sub-001,RH_MFG,correlation,0.06732367387008892,True
sub-001,sub-001,RH_MFG,euclidean,0.00696081053435712,True
sub-001,sub-001,RH_MFG,cosine,0.06732367387008892,True
sub-001,sub-001,RH_AntTemp,correlation,-0.09227227339817191,True
sub-001,sub-001,RH_AntTemp,euclidean,-0.05074331655898661,True
sub-001,sub-001,RH_AntTemp,cosine,-0.09227227339817191,True
sub-001,sub-001,RH_PostTemp,correlation,0.03974950796454764,True
sub-001,sub-001,RH_PostTemp,euclidean,0.02272650452489977,True
sub-001,sub-001,RH_PostTemp,cosine,0.03977095399790741,True
sub-001,sub-001,ALL,correlation,0.018458171992083407,True
sub-001,sub-001,ALL,euclidean,0.03060463339283195,True
sub-001,sub-001,ALL,cosine,0.018732967166199876,True
sub-001,sub-002,LH_IFGorb,correlation,0.12269499302622823,False
sub-001,sub-002,LH_IFGorb,euclidean,0.05890350418847317,False
sub-001,sub-002,LH_IFGorb,cosine,0.12269499302622823,False
sub-001,sub-002,LH_IFG,correlation,0.05331564250953695,False
sub-001,sub-002,LH_IFG,euclidean,0.029887637910825562,False
sub-001,sub-002,LH_IFG,cosine,0.05331564250953695,False
sub-001,sub-002,LH_MFG,correlation,0.02820043946459304,False
sub-001,sub-002,LH_MFG,euclidean,-0.01280943712713507,False
sub-001,sub-002,LH_MFG,cosine,0.02820043946459304,False
sub-001,sub-002,LH_AntTemp,correlation,-0.04208100020270299,False
sub-001,sub-002,LH_AntTemp,euclidean,-0.09570181998671529,False
sub-001,sub-002,LH_AntTemp,cosine,-0.042140205165979834,False
sub-001,sub-002,LH_PostTemp,correlation,0.0024131027785834545,False
sub-001,sub-002,LH_PostTemp,euclidean,0.00919421618114777,False
sub-001,sub-002,LH_PostTemp,cosine,0.0024131027785834545,False
sub-001,sub-002,RH_IFGorb,correlation,0.011568707027159366,False
sub-001,sub-002,RH_IFGorb,euclidean,-0.051513752322850236,False
sub-001,sub-002,RH_IFGorb,cosine,0.011568707027159366,False
sub-001,sub-002,RH_IFG,correlation,0.09429520158383825,False
sub-001,sub-002,RH_IFG,euclidean,0.03786000093681054,False
sub-001,sub-002,RH_IFG,cosine,0.09425115537927481,False
sub-001,sub-002,RH_MFG,correlation,0.14392440558286645,False
sub-001,sub-002,RH_MFG,euclidean,0.055952980511352515,False
sub-001,sub-002,RH_MFG,cosine,0.14392440558286645,False
sub-001,sub-002,RH_AntTemp,correlation,0.021313786779665646,False
sub-001,sub-002,RH_AntTemp,euclidean,0.04297365088090128,False
sub-001,sub-002,RH_AntTemp,cosine,0.021313786779665646,False
sub-001,sub-002,RH_PostTemp,correlation,0.07420898824564236,False
sub-001,sub-002,RH_PostTemp,euclidean,-0.0015118716709247532,False
sub-001,sub-002,RH_PostTemp,cosine,0.07424273793485331,False
sub-001,sub-002,ALL,correlation,0.06469443603130584,False
sub-001,sub-002,ALL,euclidean,0.008872736090697633,False
sub-001,sub-002,ALL,cosine,0.06494412652860386,False
sub-001,sub-003,LH_IFGorb,correlation,-0.10501866181128329,False
sub-001,sub-003,LH_IFGorb,euclidean,-0.1698930462118981,False
sub-001,sub-003,LH_IFGorb,cosine,-0.10501866181128329,False
sub-001,sub-003,LH_IFG,correlation,-0.05648252656233161,False
sub-001,sub-003,LH_IFG,euclidean,0.047798072366446794,False
sub-001,sub-003,LH_IFG,cosine,-0.05648252656233161,False
sub-001,sub-003,LH_MFG,correlation,-0.05844612243092374,False
sub-001,sub-003,LH_MFG,euclidean,0.043065669168597144,False
sub-001,sub-003,LH_MFG,cosine,-0.05844612243092374,False
sub-001,sub-003,LH_AntTemp,correlation,-0.05994282137732735,False
sub-001,sub-003,LH_AntTemp,euclidean,-0.07561587099725556,False
sub-001,sub-003,LH_AntTemp,cosine,-0.05993882103650076,False
sub-001,sub-003,LH_PostTemp,correlation,0.04085748103232242,False
sub-001,sub-003,LH_PostTemp,euclidean,0.10059314190255876,False
sub-001,sub-003,LH_PostTemp,cosine,0.04085748103232242,False
sub-001,sub-003,RH_IFGorb,correlation,-0.0465593954033579,False
sub-001,sub-003,RH_IFGorb,euclidean,-0.09058971818842289,False
sub-001,sub-003,RH_IFGorb,cosine,-0.0465593954033579,False
sub-001,sub-003,RH_IFG,correlation,0.0899279475202536,False
sub-001,sub-003,RH_IFG,euclidean,0.0975540258288763,False
sub-001,sub-003,RH_IFG,cosine,0.0899279475202536,False
sub-001,sub-003,RH_MFG,correlation,0.03029429534109515,False
sub-001,sub-003,RH_MFG,euclidean,0.004324939910798956,False
sub-001,sub-003,RH_MFG,cosine,0.03029429534109515,False
sub-001,sub-003,RH_AntTemp,correlation,-0.03136410077357607,False
sub-001,sub-003,RH_AntTemp,euclidean,-0.028212975156749247,False
sub-001,sub-003,RH_AntTemp,cosine,-0.03136410077357607,False
sub-001,sub-003,RH_PostTemp,correlation,0.0992213107376707,False
sub-001,sub-003,RH_PostTemp,euclidean,0.0927007551903377,False
sub-001,sub-003,RH_PostTemp,cosine,0.09931303283805168,False
sub-001,sub-003,ALL,correlation,0.026681987574689207,False
sub-001,sub-003,ALL,euclidean,0.0403260071796476,False
sub-001,sub-003,ALL,cosine,0.026935723478546864,False
sub-001,sub-004,LH_IFGorb,correlation,-0.08361261566593967,False
sub-001,sub-004,LH_IFGorb,euclidean,-0.08162982208778388,False
sub-001,sub-004,LH_IFGorb,cosine,-0.08361261566593967,False
sub-001,sub-004,LH_IFG,correlation,-0.026100148940125526,False
sub-001,sub-004,LH_IFG,euclidean,0.02072899735418697,False
sub-001,sub-004,LH_IFG,cosine,-0.026100148940125526,False
sub-001,sub-004,LH_MFG,correlation,-0.10691222973416022,False
sub-001,sub-004,LH_MFG,euclidean,-0.12225404135939398,False
sub-001,sub-004,LH_MFG,cosine,-0.10691222973416022,False
sub-001,sub-004,LH_AntTemp,correlation,0.036264650315508996,False
sub-001,sub-004,LH_AntTemp,euclidean,-0.032347451912223886,False
sub-001,sub-004,LH_AntTemp,cosine,0.036246898228599875,False
sub-001,sub-004,LH_PostTemp,correlation,0.03391507571589219,False
sub-001,sub-004,LH_PostTemp,euclidean,-0.06489418531620178,False
sub-001,sub-004,LH_PostTemp,cosine,0.03391507571589219,False
sub-001,sub-004,RH_IFGorb,correlation,-0.037279382509152914,False
sub-001,sub-004,RH_IFGorb,euclidean,-0.08955956478049501,False
sub-001,sub-004,RH_IFGorb,cosine,-0.037279382509152914,False
sub-001,sub-004,RH_IFG,correlation,-0.010467432148768144,False
sub-001,sub-004,RH_IFG,euclidean,0.026076384049585892,False
sub-001,sub-004,RH_IFG,cosine,-0.010490910715325368,False
sub-001,sub-004,RH_MFG,correlation,-0.018650857889890262,False
sub-001,sub-004,RH_MFG,euclidean,-0.010800426940305355,False
sub-001,sub-004,RH_MFG,cosine,-0.018650857889890262,False
sub-001,sub-004,RH_AntTemp,correlation,0.14867859537158454,False
sub-001,sub-004,RH_AntTemp,euclidean,0.0354778320118596,False
sub-001,sub-004,RH_AntTemp,cosine,0.14867859537158454,False
sub-001,sub-004,RH_PostTemp,correlation,0.14675306658990978,False
sub-001,sub-004,RH_PostTemp,euclidean,0.09797720353922454,False
sub-001,sub-004,RH_PostTemp,cosine,0.14678914341169286,False
sub-001,sub-004,ALL,correlation,0.07414760377957201,False
sub-001,sub-004,ALL,euclidean,0.015343815893110567,False
sub-001,sub-004,ALL,cosine,0.07429477430652826,False
sub-002,sub-001,LH_IFGorb,correlation,0.14091302084656707,False
sub-002,sub-001,LH_IFGorb,euclidean,0.08652588024620046,False
sub-002,sub-001,LH_IFGorb,cosine,0.14091302084656707,False
sub-002,sub-001,LH_IFG,correlation,0.08708919605578365,False
sub-002,sub-001,LH_IFG,euclidean,0.10060734575022283,False
sub-002,sub-001,LH_IFG,cosine,0.08708919605578365,False
sub-002,sub-001,LH_MFG,correlation,0.04570264087810722,False
sub-002,sub-001,LH_MFG,euclidean,0.04179889091240688,False
sub-002,sub-001,LH_MFG,cosine,0.04570264087810722,False
sub-002,sub-001,LH_AntTemp,correlation,0.1059165257687665,False
sub-002,sub-001,LH_AntTemp,euclidean,0.10048724796340816,False
sub-002,sub-001,LH_AntTemp,cosine,0.1059165257687665,False
sub-002,sub-001,LH_PostTemp,correlation,0.0011706674743317605,False
sub-002,sub-001,LH_PostTemp,euclidean,-0.002755386366062737,False
sub-002,sub-001,LH_PostTemp,cosine,0.0011706674743317605,False
sub-002,sub-001,RH_IFGorb,correlation,0.13459501941878002,False
sub-002,sub-001,RH_IFGorb,euclidean,0.10597628871506239,False
sub-002,sub-001,RH_IFGorb,cosine,0.13459501941878002,False
sub-002,sub-001,RH_IFG,correlation,0.13028779807880458,False
sub-002,sub-001,RH_IFG,euclidean,0.0793191551959847,False
sub-002,sub-001,RH_IFG,cosine,0.13027121314633974,False
sub-002,sub-001,RH_MFG,correlation,0.1710298284672422,False
sub-002,sub-001,RH_MFG,euclidean,0.10699997937410188,False
sub-002,sub-001,RH_MFG,cosine,0.1710298284672422,False
sub-002,sub-001,RH_AntTemp,correlation,0.26990890987577937,False
sub-002,sub-001,RH_AntTemp,euclidean,0.24544499070162712,False
sub-002,sub-001,RH_AntTemp,cosine,0.26994694084160403,False
sub-002,sub-001,RH_PostTemp,correlation,0.08274451564420653,False
sub-002,sub-001,RH_PostTemp,euclidean,0.039835863992209626,False
sub-002,sub-001,RH_PostTemp,cosine,0.08274451564420653,False
sub-002,sub-001,ALL,correlation,0.13963283562854478,False
sub-002,sub-001,ALL,euclidean,0.08811803376282949,False
sub-002,sub-001,ALL,cosine,0.13963283562854478,False
sub-002,sub-002,LH_IFGorb,correlation,0.06182085020501356,True
sub-002,sub-002,LH_IFGorb,euclidean,0.056189228335829226,True
sub-002,sub-002,LH_IFGorb,cosine,0.06182085020501356,True
sub-002,sub-002,LH_IFG,correlation,0.04230180325415095,True
sub-002,sub-002,LH_IFG,euclidean,0.09501424157262087,True
sub-002,sub-002,LH_IFG,cosine,0.04230180325415095,True
sub-002,sub-002,LH_MFG,correlation,-0.047945723738895205,True
sub-002,sub-002,LH_MFG,euclidean,0.02450113030989369,True
sub-002,sub-002,LH_MFG,cosine,-0.047945723738895205,True
sub-002,sub-002,LH_AntTemp,correlation,0.053040782752488386,True
sub-002,sub-002,LH_AntTemp,euclidean,0.13019657648915187,True
sub-002,sub-002,LH_AntTemp,cosine,0.053040782752488386,True
sub-002,sub-002,LH_PostTemp,correlation,-0.0993207591188021,True
sub-002,sub-002,LH_PostTemp,euclidean,-0.11214278087581242,True
sub-002,sub-002,LH_PostTemp,cosine,-0.0993207591188021,True
sub-002,sub-002,RH_IFGorb,correlation,-0.02688934984304195,True
sub-002,sub-002,RH_IFGorb,euclidean,0.0973003539951902,True
sub-002,sub-002,RH_IFGorb,cosine,-0.02688934984304195,True
sub-002,sub-002,RH_IFG,correlation,-0.03443354943895231,True
sub-002,sub-002,RH_IFG,euclidean,-0.010005352779472136,True
sub-002,sub-002,RH_IFG,cosine,-0.03443354943895231,True
sub-002,sub-002,RH_MFG,correlation,0.001127182416782908,True
sub-002,sub-002,RH_MFG,euclidean,-0.029026162793000104,True
sub-002,sub-002,RH_MFG,cosine,0.001127182416782908,True
sub-002,sub-002,RH_AntTemp,correlation,0.08947814848476245,True
sub-002,sub-002,RH_AntTemp,euclidean,0.08815476024765144,True
sub-002,sub-002,RH_AntTemp,cosine,0.08947814848476245,True
sub-002,sub-002,RH_PostTemp,correlation,-0.04450010928190873,True
sub-002,sub-002,RH_PostTemp,euclidean,-0.030901272644415667,True
sub-002,sub-002,RH_PostTemp,cosine,-0.04450010928190873,True
sub-002,sub-002,ALL,correlation,-0.026259832334962988,True
sub-002,sub-002,ALL,euclidean,-0.019813927709985468,True
sub-002,sub-002,ALL,cosine,-0.026259832334962988,True
sub-002,sub-003,LH_IFGorb,correlation,0.053509987589548745,False
sub-002,sub-003,LH_IFGorb,euclidean,0.05932619741277237,False
sub-002,sub-003,LH_IFGorb,cosine,0.053509987589548745,False
sub-002,sub-003,LH_IFG,correlation,-0.06908417164333423,False
sub-002,sub-003,LH_IFG,euclidean,0.016935157150715686,False
sub-002,sub-003,LH_IFG,cosine,-0.06908417164333423,False
sub-002,sub-003,LH_MFG,correlation,-0.06415146566552488,False
sub-002,sub-003,LH_MFG,euclidean,-0.050449726857211476,False
sub-002,sub-003,LH_MFG,cosine,-0.06415146566552488,False
sub-002,sub-003,LH_AntTemp,correlation,-0.10278447145963576,False
sub-002,sub-003,LH_AntTemp,euclidean,-0.007459778425688978,False
sub-002,sub-003,LH_AntTemp,cosine,-0.10278447145963576,False
sub-002,sub-003,LH_PostTemp,correlation,-0.09833723541499549,False
sub-002,sub-003,LH_PostTemp,euclidean,-0.032909375287159634,False
sub-002,sub-003,LH_PostTemp,cosine,-0.09833723541499549,False
sub-002,sub-003,RH_IFGorb,correlation,-0.08460492257322177,False
sub-002,sub-003,RH_IFGorb,euclidean,0.02340599417634684,False
sub-002,sub-003,RH_IFGorb,cosine,-0.08460492257322177,False
sub-002,sub-003,RH_IFG,correlation,-0.03567418227559058,False
sub-002,sub-003,RH_IFG,euclidean,0.0537954404813886,False
sub-002,sub-003,RH_IFG,cosine,-0.03571875750194394,False
sub-002,sub-003,RH_MFG,correlation,-0.09900929267386172,False
sub-002,sub-003,RH_MFG,euclidean,-0.012199039350669917,False
sub-002,sub-003,RH_MFG,cosine,-0.09900929267386172,False
sub-002,sub-003,RH_AntTemp,correlation,-0.05587676066573452,False
sub-002,sub-003,RH_AntTemp,euclidean,0.03982396440591122,False
sub-002,sub-003,RH_AntTemp,cosine,-0.055868474245450876,False
sub-002,sub-003,RH_PostTemp,correlation,-0.05107063690122351,False
sub-002,sub-003,RH_PostTemp,euclidean,-0.047657774698885866,False
sub-002,sub-003,RH_PostTemp,cosine,-0.05107063690122351,False
sub-002,sub-003,ALL,correlation,-0.03738375650169457,False
sub-002,sub-003,ALL,euclidean,-0.034454078323482254,False
sub-002,sub-003,ALL,cosine,-0.03738375650169457,False
sub-002,sub-004,LH_IFGorb,correlation,0.14793014448157743,False
sub-002,sub-004,LH_IFGorb,euclidean,0.039191167739672225,False
sub-002,sub-004,LH_IFGorb,cosine,0.14793014448157743,False
sub-002,sub-004,LH_IFG,correlation,-0.008193447080506297,False
sub-002,sub-004,LH_IFG,euclidean,-0.05610976553601122,False
sub-002,sub-004,LH_IFG,cosine,-0.008193447080506297,False
sub-002,sub-004,LH_MFG,correlation,-0.01925843738055403,False
sub-002,sub-004,LH_MFG,euclidean,-0.10540358867086742,False
sub-002,sub-004,LH_MFG,cosine,-0.01925843738055403,False
sub-002,sub-004,LH_AntTemp,correlation,-0.02485177637683899,False
sub-002,sub-004,LH_AntTemp,euclidean,-0.03264064767020679,False
sub-002,sub-004,LH_AntTemp,cosine,-0.02485177637683899,False
sub-002,sub-004,LH_PostTemp,correlation,-0.09548045841265147,False
sub-002,sub-004,LH_PostTemp,euclidean,-0.13870220885264126,False
sub-002,sub-004,LH_PostTemp,cosine,-0.09548045841265147,False
sub-002,sub-004,RH_IFGorb,correlation,0.07704548880549472,False
sub-002,sub-004,RH_IFGorb,euclidean,-0.01383488850583533,False
sub-002,sub-004,RH_IFGorb,cosine,0.07704548880549472,False
sub-002,sub-004,RH_IFG,correlation,-0.04104368390583366,False
sub-002,sub-004,RH_IFG,euclidean,-0.14025122159745324,False
sub-002,sub-004,RH_IFG,cosine,-0.04106716247239088,False
sub-002,sub-004,RH_MFG,correlation,-0.06892648596041377,False
sub-002,sub-004,RH_MFG,euclidean,-0.14650854590893578,False
sub-002,sub-004,RH_MFG,cosine,-0.06892648596041377,False
sub-002,sub-004,RH_AntTemp,correlation,0.0631058057220991,False
sub-002,sub-004,RH_AntTemp,euclidean,-0.007055309250445754,False
sub-002,sub-004,RH_AntTemp,cosine,0.06313558341626924,False
sub-002,sub-004,RH_PostTemp,correlation,-0.03815753816318957,False
sub-002,sub-004,RH_PostTemp,euclidean,-0.07249322380923495,False
sub-002,sub-004,RH_PostTemp,cosine,-0.03815753816318957,False
sub-002,sub-004,ALL,correlation,-0.013452645989324427,False
sub-002,sub-004,ALL,euclidean,-0.10465227454103623,False
sub-002,sub-004,ALL,cosine,-0.013452645989324427,False
sub-003,sub-001,LH_IFGorb,correlation,0.0006493858901337147,False
sub-003,sub-001,LH_IFGorb,euclidean,0.02289635710910912,False
sub-003,sub-001,LH_IFGorb,cosine,0.0006493858901337147,False
sub-003,sub-001,LH_IFG,correlation,0.0031248300340736388,False
sub-003,sub-001,LH_IFG,euclidean,-0.010363295213661862,False
sub-003,sub-001,LH_IFG,cosine,0.003201463859945869,False
sub-003,sub-001,LH_MFG,correlation,0.034443187417118604,False
sub-003,sub-001,LH_MFG,euclidean,-0.0268029665459241,False
sub-003,sub-001,LH_MFG,cosine,0.034443187417118604,False
sub-003,sub-001,LH_AntTemp,correlation,-0.06710063512314735,False
sub-003,sub-001,LH_AntTemp,euclidean,-0.12646811656387452,False
sub-003,sub-001,LH_AntTemp,cosine,-0.06710063512314735,False
sub-003,sub-001,LH_PostTemp,correlation,0.061377403687204464,False
sub-003,sub-001,LH_PostTemp,euclidean,-0.012499320136294555,False
sub-003,sub-001,LH_PostTemp,cosine,0.061377403687204464,False
sub-003,sub-001,RH_IFGorb,correlation,-0.03570735959689894,False
sub-003,sub-001,RH_IFGorb,euclidean,-0.0148906958294642,False
sub-003,sub-001,RH_IFGorb,cosine,-0.03570735959689894,False
sub-003,sub-001,RH_IFG,correlation,-0.06858355684319731,False
sub-003,sub-001,RH_IFG,euclidean,0.005558239952628423,False
sub-003,sub-001,RH_IFG,cosine,-0.06840769936964722,False
sub-003,sub-001,RH_MFG,correlation,0.03415438083454042,False
sub-003,sub-001,RH_MFG,euclidean,0.09252047549092227,False
sub-003,sub-001,RH_MFG,cosine,0.03415438083454042,False
sub-003,sub-001,RH_AntTemp,correlation,0.016982398949820045,False
sub-003,sub-001,RH_AntTemp,euclidean,-0.05879158395823961,False
sub-003,sub-001,RH_AntTemp,cosine,0.016906051071059275,False
sub-003,sub-001,RH_PostTemp,correlation,0.007957622164919043,False
sub-003,sub-001,RH_PostTemp,euclidean,-0.043757914573043635,False
sub-003,sub-001,RH_PostTemp,cosine,0.007861543935467293,False
sub-003,sub-001,ALL,correlation,0.035295595756391435,False
sub-003,sub-001,ALL,euclidean,-0.034662508851611144,False
sub-003,sub-001,ALL,cosine,0.03526814483369094,False
sub-003,sub-002,LH_IFGorb,correlation,-0.033984792978172716,False
sub-003,sub-002,LH_IFGorb,euclidean,0.012328075034405908,False
sub-003,sub-002,LH_IFGorb,cosine,-0.033984792978172716,False
sub-003,sub-002,LH_IFG,correlation,0.06646801080077319,False
sub-003,sub-002,LH_IFG,euclidean,-0.002431979723396363,False
sub-003,sub-002,LH_IFG,cosine,0.06657955638375855,False
sub-003,sub-002,LH_MFG,correlation,0.0800739977961499,False
sub-003,sub-002,LH_MFG,euclidean,-0.006702173451528516,False
sub-003,sub-002,LH_MFG,cosine,0.0800739977961499,False
sub-003,sub-002,LH_AntTemp,correlation,-0.028542512585748168,False
sub-003,sub-002,LH_AntTemp,euclidean,-0.05519332648979063,False
sub-003,sub-002,LH_AntTemp,cosine,-0.028542512585748168,False
sub-003,sub-002,LH_PostTemp,correlation,0.04441058680120509,False
sub-003,sub-002,LH_PostTemp,euclidean,-0.011820971653295504,False
sub-003,sub-002,LH_PostTemp,cosine,0.04441058680120509,False
sub-003,sub-002,RH_IFGorb,correlation,-0.018419607922668373,False
sub-003,sub-002,RH_IFGorb,euclidean,-0.011759478575495879,False
sub-003,sub-002,RH_IFGorb,cosine,-0.018419607922668373,False
sub-003,sub-002,RH_IFG,correlation,0.017575865692394436,False
sub-003,sub-002,RH_IFG,euclidean,0.13540689927182992,False
sub-003,sub-002,RH_IFG,cosine,0.017737463780565545,False
sub-003,sub-002,RH_MFG,correlation,0.057990260479569886,False
sub-003,sub-002,RH_MFG,euclidean,0.07628545217506227,False
sub-003,sub-002,RH_MFG,cosine,0.057990260479569886,False
sub-003,sub-002,RH_AntTemp,correlation,0.03565797672295323,False
sub-003,sub-002,RH_AntTemp,euclidean,-0.015080676805306364,False
sub-003,sub-002,RH_AntTemp,cosine,0.03551296746507226,False
sub-003,sub-002,RH_PostTemp,correlation,0.07436229191866839,False
sub-003,sub-002,RH_PostTemp,euclidean,0.05704755729618585,False
sub-003,sub-002,RH_PostTemp,cosine,0.0742839239962633,False
sub-003,sub-002,ALL,correlation,0.06386327843090718,False
sub-003,sub-002,ALL,euclidean,0.016483004993453183,False
sub-003,sub-002,ALL,cosine,0.0638403972856794,False
sub-003,sub-003,LH_IFGorb,correlation,0.031429820658584254,True
sub-003,sub-003,LH_IFGorb,euclidean,0.016112801372222065,True
sub-003,sub-003,LH_IFGorb,cosine,0.031429820658584254,True
sub-003,sub-003,LH_IFG,correlation,-0.034381786449973264,True
sub-003,sub-003,LH_IFG,euclidean,-0.04956679448905815,True
sub-003,sub-003,LH_IFG,cosine,-0.03429235025863605,True
sub-003,sub-003,LH_MFG,correlation,0.03568789772985315,True
sub-003,sub-003,LH_MFG,euclidean,0.007869813360413905,True
sub-003,sub-003,LH_MFG,cosine,0.03568789772985315,True
sub-003,sub-003,LH_AntTemp,correlation,-0.04673712483151045,True
sub-003,sub-003,LH_AntTemp,euclidean,0.01318169450085739,True
sub-003,sub-003,LH_AntTemp,cosine,-0.04673712483151045,True
sub-003,sub-003,LH_PostTemp,correlation,0.024252351999799963,True
sub-003,sub-003,LH_PostTemp,euclidean,0.0340451863432792,True
sub-003,sub-003,LH_PostTemp,cosine,0.024252351999799963,True
sub-003,sub-003,RH_IFGorb,correlation,-0.06265619541227363,True
sub-003,sub-003,RH_IFGorb,euclidean,-0.07480980232069875,True
sub-003,sub-003,RH_IFGorb,cosine,-0.06265619541227363,True
sub-003,sub-003,RH_IFG,correlation,0.03655854333689625,True
sub-003,sub-003,RH_IFG,euclidean,0.05743832228125489,True
sub-003,sub-003,RH_IFG,cosine,0.036675981914019565,True
sub-003,sub-003,RH_MFG,correlation,-0.03382059577972953,True
sub-003,sub-003,RH_MFG,euclidean,-0.0021870434776199267,True
sub-003,sub-003,RH_MFG,cosine,-0.03382059577972953,True
sub-003,sub-003,RH_AntTemp,correlation,0.030339727783339935,True
sub-003,sub-003,RH_AntTemp,euclidean,-0.017477774809978846,True
sub-003,sub-003,RH_AntTemp,cosine,0.030265150000787177,True
sub-003,sub-003,RH_PostTemp,correlation,-0.050139986181781636,True
sub-003,sub-003,RH_PostTemp,euclidean,-0.06366542425509485,True
sub-003,sub-003,RH_PostTemp,cosine,-0.05025142424766507,True
sub-003,sub-003,ALL,correlation,-0.0033662868055709906,True
sub-003,sub-003,ALL,euclidean,-0.006240531689472068,True
sub-003,sub-003,ALL,cosine,-0.0035214428819163807,True
sub-003,sub-004,LH_IFGorb,correlation,0.08180591133696305,False
sub-003,sub-004,LH_IFGorb,euclidean,0.039460312283133084,False
sub-003,sub-004,LH_IFGorb,cosine,0.08180591133696305,False
sub-003,sub-004,LH_IFG,correlation,0.05572752301950032,False
sub-003,sub-004,LH_IFG,euclidean,0.0006024256589804742,False
sub-003,sub-004,LH_IFG,cosine,0.05571492476427449,False
sub-003,sub-004,LH_MFG,correlation,0.06162064322536349,False
sub-003,sub-004,LH_MFG,euclidean,0.06960077893897795,False
sub-003,sub-004,LH_MFG,cosine,0.06162064322536349,False
sub-003,sub-004,LH_AntTemp,correlation,-0.10182453889080281,False
sub-003,sub-004,LH_AntTemp,euclidean,-0.051901375642620054,False
sub-003,sub-004,LH_AntTemp,cosine,-0.10182453889080281,False
sub-003,sub-004,LH_PostTemp,correlation,-0.0692110919989245,False
sub-003,sub-004,LH_PostTemp,euclidean,-0.12235740431704223,False
sub-003,sub-004,LH_PostTemp,cosine,-0.0692110919989245,False
sub-003,sub-004,RH_IFGorb,correlation,0.035192939649366456,False
sub-003,sub-004,RH_IFGorb,euclidean,-0.02418807738562381,False
sub-003,sub-004,RH_IFGorb,cosine,0.035192939649366456,False
sub-003,sub-004,RH_IFG,correlation,0.012897463787440808,False
sub-003,sub-004,RH_IFG,euclidean,-0.047775160732179175,False
sub-003,sub-004,RH_IFG,cosine,0.013059523161482131,False
sub-003,sub-004,RH_MFG,correlation,-0.03489773962350673,False
sub-003,sub-004,RH_MFG,euclidean,0.08713525962147046,False
sub-003,sub-004,RH_MFG,cosine,-0.03489773962350673,False
sub-003,sub-004,RH_AntTemp,correlation,-0.018179854938833756,False
sub-003,sub-004,RH_AntTemp,euclidean,-0.01358578664114283,False
sub-003,sub-004,RH_AntTemp,cosine,-0.018324448549948368,False
sub-003,sub-004,RH_PostTemp,correlation,-0.041550191030708415,False
sub-003,sub-004,RH_PostTemp,euclidean,-0.012177931619656619,False
sub-003,sub-004,RH_PostTemp,cosine,-0.041674455639072246,False
sub-003,sub-004,ALL,correlation,-0.04488786969360546,False
sub-003,sub-004,ALL,euclidean,-0.08141880131275125,False
sub-003,sub-004,ALL,cosine,-0.044883861157851784,False
sub-004,sub-001,LH_IFGorb,correlation,-0.11230401234463921,False
sub-004,sub-001,LH_IFGorb,euclidean,-0.030805940159302287,False
sub-004,sub-001,LH_IFGorb,cosine,-0.11230401234463921,False
sub-004,sub-001,LH_IFG,correlation,-0.011487925203047991,False
sub-004,sub-001,LH_IFG,euclidean,-0.06155211737230869,False
sub-004,sub-001,LH_IFG,cosine,-0.011487925203047991,False
sub-004,sub-001,LH_MFG,correlation,-0.0387629904299984,False
sub-004,sub-001,LH_MFG,euclidean,-0.012617988187551929,False
sub-004,sub-001,LH_MFG,cosine,-0.0387629904299984,False
sub-004,sub-001,LH_AntTemp,correlation,-0.01352272484822259,False
sub-004,sub-001,LH_AntTemp,euclidean,0.007241038703591394,False
sub-004,sub-001,LH_AntTemp,cosine,-0.01352272484822259,False
sub-004,sub-001,LH_PostTemp,correlation,0.04024391052026811,False
sub-004,sub-001,LH_PostTemp,euclidean,0.02726076787137723,False
sub-004,sub-001,LH_PostTemp,cosine,0.04020931091978102,False
sub-004,sub-001,RH_IFGorb,correlation,-0.14641378542979133,False
sub-004,sub-001,RH_IFGorb,euclidean,-0.03583289037883144,False
sub-004,sub-001,RH_IFGorb,cosine,-0.14641378542979133,False
sub-004,sub-001,RH_IFG,correlation,-0.12121584002051211,False
sub-004,sub-001,RH_IFG,euclidean,-0.119239945480299,False
sub-004,sub-001,RH_IFG,cosine,-0.1212252762751904,False
sub-004,sub-001,RH_MFG,correlation,-0.14709662713196628,False
sub-004,sub-001,RH_MFG,euclidean,-0.05234490633029394,False
sub-004,sub-001,RH_MFG,cosine,-0.14710463365108725,False
sub-004,sub-001,RH_AntTemp,correlation,-0.10340390850033633,False
sub-004,sub-001,RH_AntTemp,euclidean,0.018403842040905335,False
sub-004,sub-001,RH_AntTemp,cosine,-0.10340390850033633,False
sub-004,sub-001,RH_PostTemp,correlation,-0.11981355538589489,False
sub-004,sub-001,RH_PostTemp,euclidean,-0.08156326812675062,False
sub-004,sub-001,RH_PostTemp,cosine,-0.1198046910254395,False
sub-004,sub-001,ALL,correlation,-0.08870937238933611,False
sub-004,sub-001,ALL,euclidean,-0.018410132877357533,False
sub-004,sub-001,ALL,cosine,-0.08888494391577473,False
sub-004,sub-002,LH_IFGorb,correlation,-0.06649718426093859,False
sub-004,sub-002,LH_IFGorb,euclidean,-0.04383426795578069,False
sub-004,sub-002,LH_IFGorb,cosine,-0.06649718426093859,False
sub-004,sub-002,LH_IFG,correlation,-0.061114108831790886,False
sub-004,sub-002,LH_IFG,euclidean,-0.05195764654026893,False
sub-004,sub-002,LH_IFG,cosine,-0.061114108831790886,False
sub-004,sub-002,LH_MFG,correlation,-0.047570186942844456,False
sub-004,sub-002,LH_MFG,euclidean,-0.049467891925172446,False
sub-004,sub-002,LH_MFG,cosine,-0.047570186942844456,False
sub-004,sub-002,LH_AntTemp,correlation,-0.06278643453362535,False
sub-004,sub-002,LH_AntTemp,euclidean,-0.107651498081917,False
sub-004,sub-002,LH_AntTemp,cosine,-0.06278643453362535,False
sub-004,sub-002,LH_PostTemp,correlation,0.03896058402226616,False
sub-004,sub-002,LH_PostTemp,euclidean,0.051301529700862686,False
sub-004,sub-002,LH_PostTemp,cosine,0.03887878392807689,False
sub-004,sub-002,RH_IFGorb,correlation,-0.16216010630076666,False
sub-004,sub-002,RH_IFGorb,euclidean,-0.06795785936941622,False
sub-004,sub-002,RH_IFGorb,cosine,-0.16216010630076666,False
sub-004,sub-002,RH_IFG,correlation,-0.09066911209386777,False
sub-004,sub-002,RH_IFG,euclidean,-0.10073195375072468,False
sub-004,sub-002,RH_IFG,cosine,-0.09062449386067362,False
sub-004,sub-002,RH_MFG,correlation,-0.07214796908925117,False
sub-004,sub-002,RH_MFG,euclidean,0.023267836582117007,False
sub-004,sub-002,RH_MFG,cosine,-0.07214453691746701,False
sub-004,sub-002,RH_AntTemp,correlation,0.02914400069092311,False
sub-004,sub-002,RH_AntTemp,euclidean,0.07678511918397365,False
sub-004,sub-002,RH_AntTemp,cosine,0.02914400069092311,False
sub-004,sub-002,RH_PostTemp,correlation,-0.029874767266634943,False
sub-004,sub-002,RH_PostTemp,euclidean,-0.006485660614810764,False
sub-004,sub-002,RH_PostTemp,cosine,-0.029863040679705712,False
sub-004,sub-002,ALL,correlation,-0.060990836661876276,False
sub-004,sub-002,ALL,euclidean,0.0018293475609600302,False
sub-004,sub-002,ALL,cosine,-0.06108035914257993,False
sub-004,sub-003,LH_IFGorb,correlation,-0.01207502878504579,False
sub-004,sub-003,LH_IFGorb,euclidean,-0.07454892295107934,False
sub-004,sub-003,LH_IFGorb,cosine,-0.01207502878504579,False
sub-004,sub-003,LH_IFG,correlation,-0.015965074500268902,False
sub-004,sub-003,LH_IFG,euclidean,-0.011304105960036833,False
sub-004,sub-003,LH_IFG,cosine,-0.015965074500268902,False
sub-004,sub-003,LH_MFG,correlation,0.038269260517522136,False
sub-004,sub-003,LH_MFG,euclidean,0.005549329942364333,False
sub-004,sub-003,LH_MFG,cosine,0.038269260517522136,False
sub-004,sub-003,LH_AntTemp,correlation,-0.09987565220144776,False
sub-004,sub-003,LH_AntTemp,euclidean,-0.11834408284326724,False
sub-004,sub-003,LH_AntTemp,cosine,-0.09987565220144776,False
sub-004,sub-003,LH_PostTemp,correlation,0.015830491605317375,False
sub-004,sub-003,LH_PostTemp,euclidean,-0.000716061007958654,False
sub-004,sub-003,LH_PostTemp,cosine,0.015855636604798762,False
sub-004,sub-003,RH_IFGorb,correlation,-0.03469667042075157,False
sub-004,sub-003,RH_IFGorb,euclidean,-0.024724392217336952,False
sub-004,sub-003,RH_IFGorb,cosine,-0.03469667042075157,False
sub-004,sub-003,RH_IFG,correlation,0.0070594586044000415,False
sub-004,sub-003,RH_IFG,euclidean,-0.0034294350429049337,False
sub-004,sub-003,RH_IFG,cosine,0.007050886445485932,False
sub-004,sub-003,RH_MFG,correlation,-0.009358225886533868,False
sub-004,sub-003,RH_MFG,euclidean,-0.05265048578909398,False
sub-004,sub-003,RH_MFG,cosine,-0.00937794185203632,False
sub-004,sub-003,RH_AntTemp,correlation,-0.03190300383064312,False
sub-004,sub-003,RH_AntTemp,euclidean,-0.040305433998253724,False
sub-004,sub-003,RH_AntTemp,cosine,-0.03190300383064312,False
sub-004,sub-003,RH_PostTemp,correlation,-0.004735546322784825,False
sub-004,sub-003,RH_PostTemp,euclidean,-0.014356651749351398,False
sub-004,sub-003,RH_PostTemp,cosine,-0.004647538824599963,False
sub-004,sub-003,ALL,correlation,-0.01500785008819329,False
sub-004,sub-003,ALL,euclidean,-0.0486610030304672,False
sub-004,sub-003,ALL,cosine,-0.015150433664797985,False
sub-004,sub-004,LH_IFGorb,correlation,-0.08677105551585107,True
sub-004,sub-004,LH_IFGorb,euclidean,-0.011158904566276625,True
sub-004,sub-004,LH_IFGorb,cosine,-0.08677105551585107,True
sub-004,sub-004,LH_IFG,correlation,-0.05520326380771646,True
sub-004,sub-004,LH_IFG,euclidean,-0.050476913830154346,True
sub-004,sub-004,LH_IFG,cosine,-0.05520326380771646,True
sub-004,sub-004,LH_MFG,correlation,-0.08263882780177968,True
sub-004,sub-004,LH_MFG,euclidean,0.019315988501017466,True
sub-004,sub-004,LH_MFG,cosine,-0.08263882780177968,True
sub-004,sub-004,LH_AntTemp,correlation,-0.09686311692368604,True
sub-004,sub-004,LH_AntTemp,euclidean,0.008858864015615909,True
sub-004,sub-004,LH_AntTemp,cosine,-0.09686311692368604,True
sub-004,sub-004,LH_PostTemp,correlation,-0.06289793451087296,True
sub-004,sub-004,LH_PostTemp,euclidean,-0.10211086287320796,True
sub-004,sub-004,LH_PostTemp,cosine,-0.06283866544651508,True
sub-004,sub-004,RH_IFGorb,correlation,-0.09076813831022722,True
sub-004,sub-004,RH_IFGorb,euclidean,0.04387485544385597,True
sub-004,sub-004,RH_IFGorb,cosine,-0.09076813831022722,True
sub-004,sub-004,RH_IFG,correlation,-0.19446351810206539,True
sub-004,sub-004,RH_IFG,euclidean,-0.11952795072291436,True
sub-004,sub-004,RH_IFG,cosine,-0.1944801248930449,True
sub-004,sub-004,RH_MFG,correlation,-0.05437607382254792,True
sub-004,sub-004,RH_MFG,euclidean,0.025116626060563772,True
sub-004,sub-004,RH_MFG,cosine,-0.05448688120373872,True
sub-004,sub-004,RH_AntTemp,correlation,-0.1865813051904335,True
sub-004,sub-004,RH_AntTemp,euclidean,-0.07345756298197555,True
sub-004,sub-004,RH_AntTemp,cosine,-0.1865813051904335,True
sub-004,sub-004,RH_PostTemp,correlation,-0.04218239438385902,True
sub-004,sub-004,RH_PostTemp,euclidean,0.025763145612834642,True
sub-004,sub-004,RH_PostTemp,cosine,-0.04220959516218751,True
sub-004,sub-004,ALL,correlation,-0.10190871814162991,True
sub-004,sub-004,ALL,euclidean,-0.038461041584539044,True
sub-004,sub-004,ALL,cosine,-0.10206648265593517,True
sub-001,semantic_word2vec,LH_IFGorb,correlation,0.1674108531556342,semantic
sub-001,semantic_word2vec,LH_IFGorb,euclidean,-0.08603244816712091,semantic
sub-001,semantic_word2vec,LH_IFGorb,cosine,0.1674108531556342,semantic
sub-001,semantic_word2vec,LH_IFG,correlation,-0.1344518485752201,semantic
sub-001,semantic_word2vec,LH_IFG,euclidean,-0.06175768039839614,semantic
sub-001,semantic_word2vec,LH_IFG,cosine,-0.1344518485752201,semantic
sub-001,semantic_word2vec,LH_MFG,correlation,0.020117863614959833,semantic
sub-001,semantic_word2vec,LH_MFG,euclidean,0.20509581769666532,semantic
sub-001,semantic_word2vec,LH_MFG,cosine,0.020117863614959833,semantic
sub-001,semantic_word2vec,LH_AntTemp,correlation,-0.1672727272727273,semantic
sub-001,semantic_word2vec,LH_AntTemp,euclidean,-0.24696222942024232,semantic
sub-001,semantic_word2vec,LH_AntTemp,cosine,-0.16717170131704742,semantic
sub-001,semantic_word2vec,LH_PostTemp,correlation,0.015252636235213538,semantic
sub-001,semantic_word2vec,LH_PostTemp,euclidean,0.005651175068848904,semantic
sub-001,semantic_word2vec,LH_PostTemp,cosine,0.015252636235213538,semantic
sub-001,semantic_word2vec,RH_IFGorb,correlation,0.05893808592913914,semantic
sub-001,semantic_word2vec,RH_IFGorb,euclidean,0.158253449579772,semantic
sub-001,semantic_word2vec,RH_IFGorb,cosine,0.05893808592913914,semantic
sub-001,semantic_word2vec,RH_IFG,correlation,-0.14059902113268932,semantic
sub-001,semantic_word2vec,RH_IFG,euclidean,0.24300509410539237,semantic
sub-001,semantic_word2vec,RH_IFG,cosine,-0.14048030136556272,semantic
sub-001,semantic_word2vec,RH_MFG,correlation,0.006993050898246316,semantic
sub-001,semantic_word2vec,RH_MFG,euclidean,0.043158630727301264,semantic
sub-001,semantic_word2vec,RH_MFG,cosine,0.006993050898246316,semantic
sub-001,semantic_word2vec,RH_AntTemp,correlation,-0.05296842225424866,semantic
sub-001,semantic_word2vec,RH_AntTemp,euclidean,-0.13804768767568956,semantic
sub-001,semantic_word2vec,RH_AntTemp,cosine,-0.05296842225424866,semantic
sub-001,semantic_word2vec,RH_PostTemp,correlation,-0.23284713403062174,semantic
sub-001,semantic_word2vec,RH_PostTemp,euclidean,-0.09502147515018336,semantic
sub-001,semantic_word2vec,RH_PostTemp,cosine,-0.23292761233429893,semantic
sub-001,semantic_word2vec,ALL,correlation,-0.16007762446312127,semantic
sub-001,semantic_word2vec,ALL,euclidean,0.027108631440761408,semantic
sub-001,semantic_word2vec,ALL,cosine,-0.1599994292318888,semantic
sub-002,semantic_word2vec,LH_IFGorb,correlation,-0.021529373153921894,semantic
sub-002,semantic_word2vec,LH_IFGorb,euclidean,-0.033421326750474455,semantic
sub-002,semantic_word2vec,LH_IFGorb,cosine,-0.021529373153921894,semantic
sub-002,semantic_word2vec,LH_IFG,correlation,-0.12868024143491105,semantic
sub-002,semantic_word2vec,LH_IFG,euclidean,-0.06013784049885133,semantic
sub-002,semantic_word2vec,LH_IFG,cosine,-0.12868024143491105,semantic
sub-002,semantic_word2vec,LH_MFG,correlation,-0.17070133131661935,semantic
sub-002,semantic_word2vec,LH_MFG,euclidean,-0.11640530243575291,semantic
sub-002,semantic_word2vec,LH_MFG,cosine,-0.17070133131661935,semantic
sub-002,semantic_word2vec,LH_AntTemp,correlation,-0.021478004023915188,semantic
sub-002,semantic_word2vec,LH_AntTemp,euclidean,-0.08665515617642444,semantic
sub-002,semantic_word2vec,LH_AntTemp,cosine,-0.021478004023915188,semantic
sub-002,semantic_word2vec,LH_PostTemp,correlation,-0.020891825173727546,semantic
sub-002,semantic_word2vec,LH_PostTemp,euclidean,0.084615230947047,semantic
sub-002,semantic_word2vec,LH_PostTemp,cosine,-0.020891825173727546,semantic
sub-002,semantic_word2vec,RH_IFGorb,correlation,-0.11253949001869265,semantic
sub-002,semantic_word2vec,RH_IFGorb,euclidean,-0.01476691257259457,semantic
sub-002,semantic_word2vec,RH_IFGorb,cosine,-0.11253949001869265,semantic
sub-002,semantic_word2vec,RH_IFG,correlation,0.09300152680469742,semantic
sub-002,semantic_word2vec,RH_IFG,euclidean,-0.028603473123956565,semantic
sub-002,semantic_word2vec,RH_IFG,cosine,0.09291248697935248,semantic
sub-002,semantic_word2vec,RH_MFG,correlation,-0.1472804326422283,semantic
sub-002,semantic_word2vec,RH_MFG,euclidean,-0.01752943023073301,semantic
sub-002,semantic_word2vec,RH_MFG,cosine,-0.1472804326422283,semantic
sub-002,semantic_word2vec,RH_AntTemp,correlation,-0.08639146130905666,semantic
sub-002,semantic_word2vec,RH_AntTemp,euclidean,-0.050643683737389596,semantic
sub-002,semantic_word2vec,RH_AntTemp,cosine,-0.08634294601960589,semantic
sub-002,semantic_word2vec,RH_PostTemp,correlation,-0.20333271500121292,semantic
sub-002,semantic_word2vec,RH_PostTemp,euclidean,-0.08707752457870178,semantic
sub-002,semantic_word2vec,RH_PostTemp,cosine,-0.20333271500121292,semantic
sub-002,semantic_word2vec,ALL,correlation,-0.2098525991352863,semantic
sub-002,semantic_word2vec,ALL,euclidean,-0.09882735691556914,semantic
sub-002,semantic_word2vec,ALL,cosine,-0.2098525991352863,semantic
sub-003,semantic_word2vec,LH_IFGorb,correlation,-0.14415833107404288,semantic
sub-003,semantic_word2vec,LH_IFGorb,euclidean,0.00907977911274097,semantic
sub-003,semantic_word2vec,LH_IFGorb,cosine,-0.14415833107404288,semantic
sub-003,semantic_word2vec,LH_IFG,correlation,-0.049275552574877646,semantic
sub-003,semantic_word2vec,LH_IFG,euclidean,0.027669696494056876,semantic
sub-003,semantic_word2vec,LH_IFG,cosine,-0.04919964041608996,semantic
sub-003,semantic_word2vec,LH_MFG,correlation,-0.04471568613461566,semantic
sub-003,semantic_word2vec,LH_MFG,euclidean,0.020770251566045006,semantic
sub-003,semantic_word2vec,LH_MFG,cosine,-0.04471568613461566,semantic
sub-003,semantic_word2vec,LH_AntTemp,correlation,-0.09996946390605158,semantic
sub-003,semantic_word2vec,LH_AntTemp,euclidean,0.0392973844551305,semantic
sub-003,semantic_word2vec,LH_AntTemp,cosine,-0.09996946390605158,semantic
sub-003,semantic_word2vec,LH_PostTemp,correlation,-0.013020362152366549,semantic
sub-003,semantic_word2vec,LH_PostTemp,euclidean,0.051892524364663746,semantic
sub-003,semantic_word2vec,LH_PostTemp,cosine,-0.013020362152366549,semantic
sub-003,semantic_word2vec,RH_IFGorb,correlation,-0.089015282316177,semantic
sub-003,semantic_word2vec,RH_IFGorb,euclidean,-0.07875401321328178,semantic
sub-003,semantic_word2vec,RH_IFGorb,cosine,-0.089015282316177,semantic
sub-003,semantic_word2vec,RH_IFG,correlation,0.023800459468329503,semantic
sub-003,semantic_word2vec,RH_IFG,euclidean,-0.08282073600547937,semantic
sub-003,semantic_word2vec,RH_IFG,cosine,0.023809591758108477,semantic
sub-003,semantic_word2vec,RH_MFG,correlation,-0.14486265892324596,semantic
sub-003,semantic_word2vec,RH_MFG,euclidean,-0.09994891625404889,semantic
sub-003,semantic_word2vec,RH_MFG,cosine,-0.14486265892324596,semantic
sub-003,semantic_word2vec,RH_AntTemp,correlation,0.12007762446312124,semantic
sub-003,semantic_word2vec,RH_AntTemp,euclidean,0.042192320315064,semantic
sub-003,semantic_word2vec,RH_AntTemp,cosine,0.12003025070989284,semantic
sub-003,semantic_word2vec,RH_PostTemp,correlation,-0.18880723733964985,semantic
sub-003,semantic_word2vec,RH_PostTemp,euclidean,-0.10117549692498681,semantic
sub-003,semantic_word2vec,RH_PostTemp,cosine,-0.18883748804954267,semantic
sub-003,semantic_word2vec,ALL,correlation,-0.08546225082404647,semantic
sub-003,semantic_word2vec,ALL,euclidean,-0.00174940426078395,semantic
sub-003,semantic_word2vec,ALL,cosine,-0.08558211212739544,semantic
sub-004,semantic_word2vec,LH_IFGorb,correlation,0.15852855980936348,semantic
sub-004,semantic_word2vec,LH_IFGorb,euclidean,0.016337666414577418,semantic
sub-004,semantic_word2vec,LH_IFGorb,cosine,0.15852855980936348,semantic
sub-004,semantic_word2vec,LH_IFG,correlation,0.33369729313223273,semantic
sub-004,semantic_word2vec,LH_IFG,euclidean,0.26541858706354077,semantic
sub-004,semantic_word2vec,LH_IFG,cosine,0.33369729313223273,semantic
sub-004,semantic_word2vec,LH_MFG,correlation,0.11527689387993893,semantic
sub-004,semantic_word2vec,LH_MFG,euclidean,0.06707609765842382,semantic
sub-004,semantic_word2vec,LH_MFG,cosine,0.11527689387993893,semantic
sub-004,semantic_word2vec,LH_AntTemp,correlation,-0.10355845378918681,semantic
sub-004,semantic_word2vec,LH_AntTemp,euclidean,-0.0016204106676559983,semantic
sub-004,semantic_word2vec,LH_AntTemp,cosine,-0.10355845378918681,semantic
sub-004,semantic_word2vec,LH_PostTemp,correlation,-0.04628358613604258,semantic
sub-004,semantic_word2vec,LH_PostTemp,euclidean,0.034182160642684895,semantic
sub-004,semantic_word2vec,LH_PostTemp,cosine,-0.04633267219360455,semantic
sub-004,semantic_word2vec,RH_IFGorb,correlation,0.044525620353590846,semantic
sub-004,semantic_word2vec,RH_IFGorb,euclidean,0.05564075855081977,semantic
sub-004,semantic_word2vec,RH_IFGorb,cosine,0.044525620353590846,semantic
sub-004,semantic_word2vec,RH_IFG,correlation,0.16590973302321602,semantic
sub-004,semantic_word2vec,RH_IFG,euclidean,0.17787132032933323,semantic
sub-004,semantic_word2vec,RH_IFG,cosine,0.16591772377677258,semantic
sub-004,semantic_word2vec,RH_MFG,correlation,-0.07258971761247698,semantic
sub-004,semantic_word2vec,RH_MFG,euclidean,0.006848075798005167,semantic
sub-004,semantic_word2vec,RH_MFG,cosine,-0.07252693312024658,semantic
sub-004,semantic_word2vec,RH_AntTemp,correlation,-0.013038055963813302,semantic
sub-004,semantic_word2vec,RH_AntTemp,euclidean,-0.03380602445741356,semantic
sub-004,semantic_word2vec,RH_AntTemp,cosine,-0.013038055963813302,semantic
sub-004,semantic_word2vec,RH_PostTemp,correlation,0.1172277792839714,semantic
sub-004,semantic_word2vec,RH_PostTemp,euclidean,0.10115380773676176,semantic
sub-004,semantic_word2vec,RH_PostTemp,cosine,0.11726773305175442,semantic
sub-004,semantic_word2vec,ALL,correlation,0.052983832993250664,semantic
sub-004,semantic_word2vec,ALL,euclidean,0.06813258943222843,semantic
sub-004,semantic_word2vec,ALL,cosine,0.05292504387779855,semantic
